{
    "tags": [
        " User signup"
      ],
      "summary": "Signup here",
      "operationId": "Signup form",
      "parameters": [
        {
          "description": "Creates a new user",
          "required": true,
          "schema": {
            "$ref": "#definitions/User"
          }
        }
      ],
      "requestBody": {
        "content": {
          "application/x-www-form-urlencoded": {
            "schema": {
                "$ref": "#definitions/User"
              }
          }
        }
      },
      "responses": {
        "200": {
          "description": "Signed successfully.",
          "content": {
            "application/json": { }
       
          }
        },
        "409": {
          "description": "User with given email already exists",
          "content": {
            "application/json": {}
          }
        }
      }
}